NÂ°,equipment,main_indicator,minimal_value,maximal_value,indicator_unit,unit,segment_1_threshold,segment_1_cost,segment_2_threshold,segment_2_cost,segment_3_threshold,segment_3_cost,segment_average_cost,working_flow_value,working_flow_unit,date
1,alternative_harrow,application_width,3,3,meter,hour_equipment,80,17,100,14.4,120,12.7,14.7,1.00,hectare_per_hour,01/01/2019
2,alternative_harrow,application_width,4,4,meter,hour_equipment,67,26.85,100,19.95,133,16.35,21.1,1.50,hectare_per_hour,01/01/2019
3,antidrift_panel,rows_count,1,1,unity,hour_equipment,20,8.2,40,4.7,60,3.5,5.5,1.00,hectare_per_hour,01/01/2019
4,antidrift_panel,rows_count,2,2,unity,hour_equipment,15,40.4,20,30.4,30,20.4,30.4,1.00,hectare_per_hour,01/01/2019
5,arboricultural_cultivator,,,,,hour_equipment,60,4.3,80,3.4,100,2.85,3.5,0.50,hectare_per_hour,01/01/2019
6,arboricultural_mounted_jet_sprayer,nominal_storable_net_volume,5,5,hectoliter,hour_equipment,200,4.15,300,2.95,400,2.35,3.2,0.50,hectare_per_hour,01/01/2019
7,arboricultural_mounted_jet_sprayer,nominal_storable_net_volume,10,10,hectoliter,hour_equipment,167,7.44,250,5.16,333,04.02,5.5,0.60,hectare_per_hour,01/01/2019
8,arboricultural_mounted_jet_sprayer,nominal_storable_net_volume,15,15,hectoliter,hour_equipment,286,5.81,429,4.13,571,3.29,4.4,0.70,hectare_per_hour,01/01/2019
9,arboricultural_platform,,,,,hour_equipment,100,32,250,17,400,13,20.7,,,01/01/2019
10,arboricultural_pneumatic_sprayer,nominal_storable_net_volume,20,20,hectoliter,hour_equipment,208,11.76,292,8.76,375,7.2,9.2,1.20,hectare_per_hour,01/01/2019
11,arboricultural_tractor,motor_power,56,65,french_horserpower,hour_equipment,300,12.8,500,10.8,700,10.2,11.3,,,01/01/2019
12,arboricultural_tractor,motor_power,66,75,french_horserpower,hour_equipment,300,14,500,11.9,700,11.3,12.4,,,01/01/2019
13,arboricultural_tractor,motor_power,76,85,french_horserpower,hour_equipment,300,15.3,500,13,700,12.3,13.5,,,01/01/2019
14,arboricultural_tractor,motor_power,86,95,french_horserpower,hour_equipment,300,16.2,500,13.9,700,13.1,14.4,,,01/01/2019
15,arboricultural_tractor,motor_power,96,105,french_horserpower,hour_equipment,300,17.8,500,15.2,700,14.4,15.8,,,01/01/2019
16,arboricultural_weeding_boom,,,,,hour_equipment,21,23.9,43,12.11,71,7.38,14.5,0.70,hectare_per_hour,01/01/2019
17,back_arboricultural_wood_rake,,,,,hour_equipment,5,91,10,46.8,15,32,56.6,2.00,hectare_per_hour,01/01/2019
18,baler_wrapper,nominal_storable_net_volume,1.36,1.36,cubic_meter,hour_equipment,63,176,88,136,113,112,141.3,40.00,unity_per_hour,01/01/2019
19,baler_wrapper,nominal_storable_net_volume,2.41,2.41,cubic_meter,hour_equipment,63,212,88,160,113,132,168.0,40.00,unity_per_hour,01/01/2019
20,beet_harvester,rows_count,6,6,unity,hour_equipment,94,59.28,188,33.16,250,26.64,39.7,0.80,hectare_per_hour,01/01/2019
21,beet_leaves_remover,rows_count,6,6,unity,hour_equipment,94,36.6,188,20.95,250,17.1,24.9,0.80,hectare_per_hour,01/01/2019
22,beet_picker,nominal_storable_net_mass,8,8,ton,hour_equipment,62,152.32,94,106.08,125,82.88,113.8,0.80,hectare_per_hour,01/01/2019
23,beet_picker,nominal_storable_net_mass,14,14,ton,hour_equipment,62,237.36,94,162.72,125,125.44,175.2,0.80,hectare_per_hour,01/01/2019
24,blade_intercep_tv,element_count,1,1,unity,hour_equipment,67,13.2,100,9.27,133,7.32,9.9,0.30,hectare_per_hour,01/01/2019
25,blade_intercep_tv,element_count,2,2,unity,hour_equipment,40,27.82,60,19.32,80,15.1,20.8,0.50,hectare_per_hour,01/01/2019
26,blade_intercep_vtv,rows_count,1,1,unity,hour_equipment,33,29.34,50,20.04,67,15.39,21.6,0.30,hectare_per_hour,01/01/2019
27,blade_intercep_vtv,rows_count,2,2,unity,hour_equipment,20,75.7,30,51.25,40,39.05,55.3,0.50,hectare_per_hour,01/01/2019
28,borehole,length,50,50,meter,hour_equipment,600,03.06,900,02.04,1200,1.53,2.2,,,01/01/2019
29,borehole,length,100,100,meter,hour_equipment,600,6.56,900,4.38,1200,3.28,4.7,,,01/01/2019
30,brush_intercep_tv,element_count,2,2,unity,hour_equipment,40,52.45,60,35.75,80,27.4,38.5,0.50,hectare_per_hour,01/01/2019
31,brush_intercep_vtv,rows_count,1,1,unity,hour_equipment,50,20.5,75,13.98,100,10.72,15.1,0.20,hectare_per_hour,01/01/2019
32,brush_intercep_vtv,rows_count,2,2,unity,hour_equipment,25,82,38,55.32,50,41.96,59.8,0.40,hectare_per_hour,01/01/2019
33,cambridge_roller,application_width,6,6,meter,hour_equipment,27,27.3,40,18.9,50,15.6,20.6,3.00,hectare_per_hour,01/01/2019
34,cambridge_roller,application_width,8,8,meter,hour_equipment,25,36.4,38,25.2,50,19.6,27.1,4.00,hectare_per_hour,01/01/2019
35,cambridge_roller,application_width,9.5,9.5,meter,hour_equipment,25,77.5,35,56.5,45,44.5,59.5,5.00,hectare_per_hour,01/01/2019
36,cambridge_roller,application_width,10,10,meter,hour_equipment,30,38.5,40,30,50,24.5,31.0,5.00,hectare_per_hour,01/01/2019
37,carrot_harvester,rows_count,3,3,unity,hour_equipment,100,80,120,70,160,60,70.0,0.30,hectare_per_hour,01/01/2019
38,cereal_hoe,application_width,4,4,meter,hour_equipment,62,50.88,83,38.88,104,31.68,40.5,2.40,hectare_per_hour,01/01/2019
39,cereal_hoe,application_width,6,6,meter,hour_equipment,100,13.05,133,10.05,167,8.4,10.5,1.50,hectare_per_hour,01/01/2019
40,chemical_trunck_cleaner,element_count,1,1,unity,hour_equipment,20,15.7,40,8.4,60,6,10.0,1.00,hectare_per_hour,01/01/2019
41,chemical_trunck_cleaner,element_count,2,2,unity,hour_equipment,20,23.2,40,12.1,60,8.5,14.6,1.00,hectare_per_hour,01/01/2019
42,chisel,application_width,3,3,meter,hour_equipment,50,66.2,75,47.8,100,38.4,50.8,2.00,hectare_per_hour,01/01/2019
43,chisel,application_width,4,4,meter,hour_equipment,60,73.75,80,58.5,100,49.5,60.6,2.50,hectare_per_hour,01/01/2019
44,chisel,application_width,5,5,meter,hour_equipment,67,98.7,83,82.2,100,71.4,84.1,3.00,hectare_per_hour,01/01/2019
45,cider_apple_harvester,nominal_storable_net_volume,3,3,cubic_meter,hour_equipment,1250,8.32,1563,7.44,1875,6.8,7.5,0.80,ton_per_hour,01/01/2019
46,claw_interrow,rows_count,1,1,unity,hour_equipment,20,7.2,30,5.6,40,4.8,5.9,0.50,hectare_per_hour,01/01/2019
47,claw_interrow,rows_count,2,2,unity,hour_equipment,10,22.3,15,16.5,20,13.5,17.4,1.00,hectare_per_hour,01/01/2019
48,compost_spreader,nominal_storable_net_volume,12,12,cubic_meter,hour_equipment,50,83.4,67,64.8,83,53.4,67.2,6.00,hectare_per_hour,01/01/2019
49,confined_sprayer,rows_count,2,2,unity,hour_equipment,111,33.3,167,22.86,222,17.82,24.7,1.80,hectare_per_hour,01/01/2019
50,confined_sprayer,rows_count,4,4,unity,hour_equipment,120,37.75,160,29,200,24,30.3,2.50,hectare_per_hour,01/01/2019
51,corn_header,rows_count,6,6,unity,hour_equipment,60,70.75,80,56.5,100,48,58.4,2.50,hectare_per_hour,01/01/2019
52,corn_header,rows_count,8,8,unity,hour_equipment,62,89.92,78,75.52,94,65.92,77.1,3.20,hectare_per_hour,01/01/2019
53,corn_picker,rows_count,4,4,unity,hour_equipment,83,239,100,211,117,191,213.7,1.50,hectare_per_hour,01/01/2019
54,corn_picker,rows_count,6,6,unity,hour_equipment,88,281,100,257,112,238,258.7,2.00,hectare_per_hour,01/01/2019
55,corn_picker,rows_count,8,8,unity,hour_equipment,83,377,100,336,117,306,339.7,3.00,hectare_per_hour,01/01/2019
56,crawler_tractor,motor_power,20,20,french_horserpower,hour_equipment,60,27.5,80,25.7,100,25.4,26.2,,,01/01/2019
57,crawler_tractor,motor_power,30,30,french_horserpower,hour_equipment,60,36.9,80,34.4,100,34,35.1,,,01/01/2019
58,crawler_tractor,motor_power,38,38,french_horserpower,hour_equipment,60,39.9,80,37.2,100,36.8,38.0,,,01/01/2019
59,crawler_tractor,motor_power,65,75,french_horserpower,hour_equipment,500,13.5,700,12.9,900,12.4,12.9,,,01/01/2019
60,crawler_tractor,motor_power,75,90,french_horserpower,hour_equipment,500,14.6,700,14,900,13.4,14.0,,,01/01/2019
61,crawler_tractor,motor_power,90,100,french_horserpower,hour_equipment,500,15.8,700,15.1,900,14.5,15.1,,,01/01/2019
62,crop_duster,nominal_storable_net_volume,200,200,liter,hour_equipment,13,19.35,20,13.05,33,8.1,13.5,1.50,hectare_per_hour,01/01/2019
63,crop_duster,nominal_storable_net_volume,600,600,liter,hour_equipment,20,38.7,33,23.4,47,16.8,26.3,1.50,hectare_per_hour,01/01/2019
64,croskill,application_width,4,4,meter,hour_equipment,40,8.1,60,5.6,75,4.6,6.1,2.00,hectare_per_hour,01/01/2019
65,croskill,application_width,10,10,meter,hour_equipment,30,57,40,43.5,50,35.5,45.3,5.00,hectare_per_hour,01/01/2019
66,cubic_baler,nominal_storable_net_volume,1.66,1.66,cubic_meter,hour_equipment,125,140,175,120,225,108,122.7,40.00,unity_per_hour,01/01/2019
67,cubic_baler,nominal_storable_net_volume,2.18,2.18,cubic_meter,hour_equipment,133,129,200,105,267,90,108.0,30.00,unity_per_hour,01/01/2019
68,cubic_baler,nominal_storable_net_volume,2.81,2.81,cubic_meter,hour_equipment,133,156,200,123,267,105,128.0,30.00,unity_per_hour,01/01/2019
69,cubic_baler,nominal_storable_net_volume,04.06,04.06,cubic_meter,hour_equipment,133,201,200,153,267,129,161.0,30,unity_per_hour,01/01/2019
70,cultipacker,application_width,3,3,meter,hour_equipment,40,4.6,60,3.2,75,2.8,3.5,2.00,hectare_per_hour,01/01/2019
71,cultivator,application_width,2.5,2.5,meter,hour_equipment,6,39.04,12,20.08,19,13.76,24.3,0.80,hectare_per_hour,01/01/2019
72,cultivator,application_width,3,3,meter,hour_equipment,50,7.32,67,5.88,83,05.04,6.1,1.20,hectare_per_hour,01/01/2019
73,cultivator,application_width,4,4,meter,hour_equipment,50,9.44,62,8,75,07.04,8.2,1.60,hectare_per_hour,01/01/2019
74,destructive_roller,application_width,3,3,meter,hour_equipment,40,21.9,58,15.5,75,12.1,16.5,2.00,hectare_per_hour,01/01/2019
75,disc_harrow,application_width,3,3,meter,hour_equipment,67,14.88,83,12.48,100,10.8,12.7,1.20,hectare_per_hour,01/01/2019
76,disc_harrow,application_width,3.6,3.6,meter,hour_equipment,80,17.25,107,13.65,133,11.55,14.2,1.50,hectare_per_hour,01/01/2019
77,disc_harrow,application_width,4.1,4.1,meter,hour_equipment,75,22.2,100,17.6,125,15,18.3,2.00,hectare_per_hour,01/01/2019
78,disc_harrow,application_width,4.5,4.5,meter,hour_equipment,91,28.82,125,22.44,159,18.7,23.3,2.20,hectare_per_hour,01/01/2019
79,disc_harrow,application_width,4.8,4.8,meter,hour_equipment,80,35.25,110,27.25,140,22.75,28.4,2.50,hectare_per_hour,01/01/2019
80,disc_harrow,application_width,6,6,meter,hour_equipment,86,46.55,114,37.1,143,31.5,38.4,3.50,hectare_per_hour,01/01/2019
81,disc_intercep,rows_count,1,1,unity,hour_equipment,25,31.24,38,21.44,50,16.56,23.1,0.40,hectare_per_hour,01/01/2019
82,disc_intercep,rows_count,2,2,unity,hour_equipment,12,144.48,19,97.6,25,74.16,105.4,0.80,hectare_per_hour,01/01/2019
83,disc_sower,application_width,3,3,meter,hour_equipment,83,52.65,125,36.9,167,29.07,39.5,1.80,hectare_per_hour,01/01/2019
84,disc_sower,application_width,4,4,meter,hour_equipment,93,79.11,130,58.86,167,47.52,61.8,2.70,hectare_per_hour,01/01/2019
85,disc_sower,application_width,6,6,meter,hour_equipment,100,104.8,125,86.4,150,74,88.4,4.00,hectare_per_hour,01/01/2019
86,disc_stubble_cultivator,application_width,3,3,meter,hour_equipment,80,31.75,100,27,120,23.75,27.5,2.50,hectare_per_hour,01/01/2019
87,disc_stubble_cultivator,application_width,4,4,meter,hour_equipment,65,64.34,85,52.47,104,44.94,53.9,3.83,hectare_per_hour,01/01/2019
88,disc_stubble_cultivator,application_width,5,5,meter,hour_equipment,67,71.55,89,57.15,111,48.6,59.1,4.50,hectare_per_hour,01/01/2019
89,disc_stubble_cultivator,application_width,6,6,meter,hour_equipment,67,94.8,83,79.5,100,69.6,81.3,6.00,hectare_per_hour,01/01/2019
90,disc_stubble_cultivator,application_width,8,10,meter,hour_equipment,100,26,150,20,200,17,21.0,10.00,hectare_per_hour,01/01/2019
91,distributor_trailer,nominal_storable_net_volume,12,12,cubic_meter,hour_equipment,150,9.7,200,7.5,250,6.3,7.8,,,01/01/2019
92,distributor_trailer,nominal_storable_net_volume,15,15,cubic_meter,hour_equipment,150,13,200,10.1,250,8.3,10.5,,,01/01/2019
94,fertilizer_trailer,nominal_storable_net_volume,65,65,hectoliter,hour_equipment,62,36,94,28.8,125,25.6,30.1,8.00,hectare_per_hour,01/01/2019
95,fertilizer_trailer,nominal_storable_net_volume,90,90,hectoliter,hour_equipment,62,48.8,94,38.4,125,32.8,40.0,8.00,hectare_per_hour,01/01/2019
96,fixed_pipe,volume_flow,60,60,cubic_meter_per_hour,hour_equipment,600,01.08,900,0.72,1200,0.54,0.8,0.20,hectare_per_hour,01/01/2019
97,fixed_pipe,volume_flow,100,100,cubic_meter_per_hour,hour_equipment,600,1.28,900,0.85,1200,0.64,0.9,0.33,hectare_per_hour,01/01/2019
98,fixed_pipe,volume_flow,150,150,cubic_meter_per_hour,hour_equipment,600,1.78,900,1.19,1200,0.89,1.3,0.50,hectare_per_hour,01/01/2019
99,fixed_pipe,volume_flow,200,200,cubic_meter_per_hour,hour_equipment,600,2.23,900,1.49,1200,1.12,1.6,0.67,hectare_per_hour,01/01/2019
100,flatbed_trailer,nominal_storable_net_mass,8,8,ton,hour_equipment,100,5.9,125,4.9,150,4.3,5.0,,,01/01/2019
101,flatbed_trailer,nominal_storable_net_mass,10,10,ton,hour_equipment,120,6.6,160,5.2,200,4.4,5.4,,,01/01/2019
102,flatbed_trailer,nominal_storable_net_mass,15,15,ton,hour_equipment,120,8.3,160,6.6,200,5.6,6.8,,,01/01/2019
103,flatbed_trailer,nominal_storable_net_mass,20,20,ton,hour_equipment,120,10.2,160,8,200,6.7,8.3,,,01/01/2019
104,flatbed_trailer,nominal_storable_net_mass,24,24,ton,hour_equipment,120,12,160,9.4,200,7.8,9.7,,,01/01/2019
105,flax_baler,,,,,hour_equipment,80,39.8,100,33.35,140,25.95,33.0,0.50,hectare_per_hour,01/01/2019
106,flax_harvester,motor_power,70,70,french_horserpower,hour_equipment,117,58,167,47,200,42,49.0,0.60,hectare_per_hour,01/01/2019
107,flax_harvester,motor_power,100,100,french_horserpower,hour_equipment,125,87,156,75,188,67,76.3,0.80,hectare_per_hour,01/01/2019
108,flax_harvester,motor_power,130,130,french_horserpower,hour_equipment,100,144,117,129,133,118,130.3,1.50,hectare_per_hour,01/01/2019
109,flax_harvester,motor_power,180,180,french_horserpower,hour_equipment,100,243,125,206,150,181,210.0,2.00,hectare_per_hour,01/01/2019
110,flax_lifter,rows_count,2,2,unity,hour_equipment,25,36,38,25,50,19.4,26.8,2.00,hectare_per_hour,01/01/2019
111,flax_lifter,rows_count,3,3,unity,hour_equipment,27,48.9,33,39.9,40,33.9,40.9,3.00,hectare_per_hour,01/01/2019
112,forager,motor_power,290,290,french_horserpower,hour_equipment,160,177,180,165,200,155,165.7,1.25,hectare_per_hour,01/01/2019
113,forager,motor_power,330,330,french_horserpower,hour_equipment,167,223,183,210,200,199,210.7,1.50,hectare_per_hour,01/01/2019
114,forager,motor_power,400,400,french_horserpower,hour_equipment,150,298,175,269,200,248,271.7,2.00,hectare_per_hour,01/01/2019
115,forager,motor_power,500,500,french_horserpower,hour_equipment,140,395,160,361,180,334,363.3,2.50,hectare_per_hour,01/01/2019
116,forager,motor_power,600,600,french_horserpower,hour_equipment,133,480,150,443,167,413,445.3,3.00,hectare_per_hour,01/01/2019
117,forager,motor_power,700,700,french_horserpower,hour_equipment,111,596,139,511,167,455,520.7,3.60,hectare_per_hour,01/01/2019
118,forager,motor_power,800,800,french_horserpower,hour_equipment,118,631,141,560,165,508,566.3,4.25,hectare_per_hour,01/01/2019
119,forager_trailer,nominal_storable_net_volume,20,25,cubic_meter,hour_equipment,100,31.7,150,22,200,17.1,23.6,3.00,hectare_per_hour,01/01/2019
120,forager_trailer,nominal_storable_net_volume,27,35,cubic_meter,hour_equipment,100,40.8,150,28.2,200,21.9,30.3,3.00,hectare_per_hour,01/01/2019
121,front_arboricultural_wood_rake,,,,,hour_equipment,12,59.8,18,43.4,22,34.4,45.9,2.00,hectare_per_hour,01/01/2019
122,front_destructive_roller,application_width,3,3,meter,hour_equipment,25,10.6,38,7.2,50,5.6,7.8,2.00,hectare_per_hour,01/01/2019
123,front_loader,motor_power,80,80,french_horserpower,hour_equipment,150,4.7,200,3.7,250,3.1,3.8,,,01/01/2019
124,front_loader,motor_power,100,100,french_horserpower,hour_equipment,200,4.9,300,3.6,400,2.9,3.8,,,01/01/2019
125,front_loader,motor_power,110,110,french_horserpower,hour_equipment,200,6.2,300,4.5,400,3.7,4.8,,,01/01/2019
126,front_loader,motor_power,130,150,french_horserpower,hour_equipment,200,7.6,300,5.5,400,4.4,5.8,,,01/01/2019
127,front_tine_hoe,rows_count,6,6,unity,hour_equipment,42,17.28,58,12.6,83,9.12,13.0,1.20,hectare_per_hour,01/01/2019
128,front_tine_hoe,rows_count,12,12,unity,hour_equipment,83,18.24,125,12.48,167,9.48,13.4,1.20,hectare_per_hour,01/01/2019
129,grape_harvester_lv,,,,,hour_equipment,38,148.4,50,115.2,75,81.6,115.1,0.40,hectare_per_hour,01/01/2019
130,grape_harvester_tv,,,,,hour_equipment,100,56.55,133,43.8,167,36,45.5,0.15,hectare_per_hour,01/01/2019
132,header_extension,,,,,hour_equipment,33,26.46,44,20.34,56,16.74,21.2,1.80,hectare_per_hour,01/01/2019
133,hedge_mower,application_width,4,4,meter,hour_equipment,100,34.13,150,25.87,200,21.77,27.3,,,01/01/2019
134,hedge_mower,application_width,5,5,meter,hour_equipment,150,36.2,225,27.27,300,22.8,28.8,,,01/01/2019
135,hedge_mower,application_width,6,6,meter,hour_equipment,300,24.13,450,18.77,600,16.07,19.7,,,01/01/2019
136,horizontal_grinder,application_width,3,3,meter,hour_equipment,47,30.6,73,21.6,100,17.55,23.3,1.50,hectare_per_hour,01/01/2019
137,horizontal_grinder,application_width,4.8,4.8,meter,hour_equipment,75,35.8,100,28.8,125,24.6,29.7,2.00,hectare_per_hour,01/01/2019
138,horizontal_grinder,application_width,6,6,meter,hour_equipment,70,53.5,90,44,110,37.75,45.1,2.50,hectare_per_hour,01/01/2019
139,horizontal_grinder,application_width,8,8,meter,hour_equipment,80,76,120,54,160,43,57.7,2.50,hectare_per_hour,01/01/2019
140,hose_reel,volume_flow,40,40,cubic_meter_per_hour,hour_equipment,600,2.64,900,1.76,1200,1.32,1.9,0.13,hectare_per_hour,01/01/2019
141,hose_reel,volume_flow,50,50,cubic_meter_per_hour,hour_equipment,600,4.13,900,2.75,1200,02.07,3.0,0.17,hectare_per_hour,01/01/2019
142,hose_reel,volume_flow,55,55,cubic_meter_per_hour,hour_equipment,600,5.13,900,3.42,1200,2.57,3.7,0.18,hectare_per_hour,01/01/2019
143,hose_reel,volume_flow,60,60,cubic_meter_per_hour,hour_equipment,600,6.62,900,4.41,1200,3.31,4.8,0.20,hectare_per_hour,01/01/2019
144,hose_reel,volume_flow,65,65,cubic_meter_per_hour,hour_equipment,600,7.15,900,4.77,1200,3.58,5.2,0.22,hectare_per_hour,01/01/2019
145,hose_reel,volume_flow,85,85,cubic_meter_per_hour,hour_equipment,600,6.33,900,4.22,1200,3.17,4.6,0.28,hectare_per_hour,01/01/2019
146,hydraulic_hill_remover_lv,rows_count,1,1,unity,hour_equipment,40,39.65,60,27.45,80,21.35,29.5,0.50,hectare_per_hour,01/01/2019
147,hydraulic_hill_remover_tv,rows_count,1,1,unity,hour_equipment,40,19.65,60,13.55,80,10.5,14.6,0.50,hectare_per_hour,01/01/2019
148,hydraulic_intercep,,,,,hour_equipment,31,36.56,50,24.32,75,17.44,26.1,0.80,hectare_per_hour,01/01/2019
149,hydraulic_trunck_cleaner,element_count,2,2,unity,hour_equipment,19,38.08,38,19.76,56,13.68,23.8,0.80,hectare_per_hour,01/01/2019
150,integrated_sower,application_width,3,3,meter,hour_equipment,86,17.22,100,15.05,114,13.37,15.2,1.40,hectare_per_hour,01/01/2019
151,integrated_sower,application_width,3.5,3.5,meter,hour_equipment,100,15.75,117,13.8,133,12.3,14.0,1.50,hectare_per_hour,01/01/2019
152,integrated_sower,application_width,4,4,meter,hour_equipment,75,26.82,94,22.32,114,19.35,22.8,1.80,hectare_per_hour,01/01/2019
153,integrated_sower,application_width,4.5,4.5,meter,hour_equipment,68,25.74,91,20.02,114,16.72,20.8,2.20,hectare_per_hour,01/01/2019
154,integrated_sower,application_width,6,6,meter,hour_equipment,86,39.2,114,30.45,143,25.55,31.7,3.50,hectare_per_hour,01/01/2019
155,interrow_sower,application_width,1.8,2.2,meter,hour_equipment,15,21.58,31,12.48,46,9.36,14.5,1.30,hectare_per_hour,01/01/2019
156,large_tine_hoe,rows_count,4,4,unity,hour_equipment,25,18.72,33,14.4,42,11.76,15.0,1.20,hectare_per_hour,01/01/2019
157,large_tine_hoe,rows_count,6,6,unity,hour_equipment,35,20.4,47,15.64,59,12.92,16.3,1.70,hectare_per_hour,01/01/2019
158,large_tine_hoe,rows_count,8,8,unity,hour_equipment,36,26.4,45,21.56,55,18.26,22.1,2.20,hectare_per_hour,01/01/2019
159,large_tine_hoe,rows_count,12,12,unity,hour_equipment,33,44.1,44,34.2,56,28.35,35.6,4.50,hectare_per_hour,01/01/2019
160,lateral_move,length,190,190,meter,hour_equipment,600,27.18,900,27.18,1200,27.18,27.2,0.27,hectare_per_hour,01/01/2019
161,lateral_move,length,385,385,meter,hour_equipment,600,31.51,900,31.51,1200,31.51,31.5,0.40,hectare_per_hour,01/01/2019
162,lateral_move_for_hose_reel,,,,,hour_equipment,600,4.62,900,03.08,1200,2.31,3.3,,,01/01/2019
163,leaves_remover_lv,element_count,1,1,unity,hour_equipment,25,39.28,38,26.88,50,20.64,28.9,0.80,hectare_per_hour,01/01/2019
164,leaves_remover_lv,element_count,2,2,unity,hour_equipment,25,76.52,38,51.68,50,39.28,55.8,0.80,hectare_per_hour,01/01/2019
165,leaves_remover_tv,element_count,1,1,unity,hour_equipment,20,39.92,30,26.92,40,20.43,29.1,0.50,hectare_per_hour,01/01/2019
166,leaves_remover_tv,element_count,2,2,unity,hour_equipment,25,79.68,38,53.6,50,40.56,58.0,0.80,hectare_per_hour,01/01/2019
167,liquid_deep_injector,rows_count,6,7,unity,hour_equipment,50,25.4,75,18.4,100,14.8,19.5,2.00,hectare_per_hour,01/01/2019
168,livestock_trailer,lenght,4,4,meter,hour_equipment,150,3.4,200,2.7,250,2.3,2.8,,,01/01/2019
169,livestock_trailer,lenght,5.2,5.2,meter,hour_equipment,150,5.6,200,4.4,250,3.7,4.6,,,01/01/2019
170,livestock_trailer,lenght,6.1,6.1,meter,hour_equipment,150,7.7,200,6,250,4.9,6.2,,,01/01/2019
171,livestock_trailer,lenght,7.1,7.1,meter,hour_equipment,150,9.7,200,7.5,250,6.2,7.8,,,01/01/2019
172,livestock_trailer,lenght,8.5,8.5,meter,hour_equipment,150,11,200,8.5,250,7,8.8,,,01/01/2019
173,located_treatment_sprayer,nominal_storable_net_volume,1000,1000,liter,hour_equipment,33,57.9,50,39.9,67,30.9,42.9,3.00,hectare_per_hour,01/01/2019
174,located_treatment_sprayer,nominal_storable_net_volume,1200,1200,liter,hour_equipment,38,65.6,50,50.6,62,41.4,52.5,4.00,hectare_per_hour,01/01/2019
175,manure_spreader,nominal_storable_net_volume,8,8,cubic_meter,hour_equipment,100,17.4,150,12,200,9.4,12.9,0.48,hectare_per_hour,01/01/2019
176,manure_spreader,nominal_storable_net_volume,10,10,cubic_meter,hour_equipment,150,14.6,200,11.4,250,9.4,11.8,0.60,hectare_per_hour,01/01/2019
177,manure_spreader,nominal_storable_net_volume,12,12,cubic_meter,hour_equipment,150,16.8,200,13,250,10.8,13.5,0.80,hectare_per_hour,01/01/2019
178,manure_spreader,nominal_storable_net_volume,14,14,cubic_meter,hour_equipment,133,29.1,167,24,200,20.7,24.6,1.44,hectare_per_hour,01/01/2019
179,manure_spreader,nominal_storable_net_volume,16,16,cubic_meter,hour_equipment,133,37.8,167,30.9,200,26.4,31.7,1.56,hectare_per_hour,01/01/2019
180,manure_spreader,nominal_storable_net_volume,18,18,cubic_meter,hour_equipment,133,31.2,167,25.5,200,21.9,26.2,1.92,hectare_per_hour,01/01/2019
181,manure_spreader,nominal_storable_net_volume,20,20,cubic_meter,hour_equipment,133,46.5,167,38.1,200,32.4,39.0,02.04,hectare_per_hour,01/01/2019
182,manure_spreader_lv,,,,,hour_equipment,10,82.1,20,44.1,40,25,50.4,1.00,hectare_per_hour,01/01/2019
183,manure_spreader_tv,nominal_storable_net_mass,2,2,ton,hour_equipment,10,56.7,20,31.4,40,18.7,35.6,1.00,hectare_per_hour,01/01/2019
184,mechanical_beet_sower,rows_count,6,6,unity,hour_equipment,50,22.5,65,17.7,80,14.7,18.3,1.00,hectare_per_hour,01/01/2019
185,mechanical_beet_sower,rows_count,12,12,unity,hour_equipment,50,44,62,36,75,30.6,36.9,2.00,hectare_per_hour,01/01/2019
186,mechanical_hill_remover_lv,rows_count,1,1,unity,hour_equipment,25,25.92,50,14.16,75,10.24,16.8,0.40,hectare_per_hour,01/01/2019
187,mechanical_hill_remover_tv,rows_count,1,1,unity,hour_equipment,30,16,40,12.75,60,9.5,12.8,0.50,hectare_per_hour,01/01/2019
188,mechanical_pruner,,,,,hour_equipment,83,34.06,125,28.78,167,26.14,29.7,0.48,hectare_per_hour,01/01/2019
189,mechanical_sower,application_width,3,3,meter,hour_equipment,57,11.2,71,9.24,86,7.98,9.5,1.40,hectare_per_hour,01/01/2019
190,mechanical_sower,application_width,4,4,meter,hour_equipment,67,14.94,78,13.14,89,11.7,13.3,1.80,hectare_per_hour,01/01/2019
191,mixer_trailer,nominal_storable_net_volume,10,12,cubic_meter,hour_equipment,250,12,325,9.6,400,8.1,9.9,,,01/01/2019
192,mixer_trailer,nominal_storable_net_volume,14,15,cubic_meter,hour_equipment,250,14.7,325,11.6,400,9.7,12.0,,,01/01/2019
193,mixer_trailer,nominal_storable_net_volume,18,20,cubic_meter,hour_equipment,250,16,325,12.6,400,10.5,13.0,,,01/01/2019
194,mobile_pipe,volume_flow,40,40,cubic_meter_per_hour,hour_equipment,600,0.88,900,0.59,1200,0.44,0.6,0.13,hectare_per_hour,01/01/2019
195,mobile_pipe,volume_flow,60,60,cubic_meter_per_hour,hour_equipment,600,01.08,900,0.72,1200,0.54,0.8,0.20,hectare_per_hour,01/01/2019
196,mounted_jet_sprayer_lv,nominal_storable_net_volume,10,10,hectoliter,hour_equipment,62,21,100,14,138,10.8,15.3,2.00,hectare_per_hour,01/01/2019
197,mounted_jet_sprayer_lv,nominal_storable_net_volume,15,15,hectoliter,hour_equipment,88,21.2,125,15.6,162,12.4,16.4,2.00,hectare_per_hour,01/01/2019
198,mounted_jet_sprayer_tv,rows_count,6,6,unity,hour_equipment,80,18.3,123,12.45,167,9.6,13.5,1.50,hectare_per_hour,01/01/2019
199,mounted_jet_sprayer_vtv,rows_count,7,7,unity,hour_equipment,50,57.2,75,38.8,100,29.6,41.9,2.00,hectare_per_hour,01/01/2019
200,mounted_jet_sprayer_vtv,rows_count,9,9,unity,hour_equipment,58,62.4,77,47.58,96,38.48,49.5,2.60,hectare_per_hour,01/01/2019
201,mounted_sprayer,nominal_storable_net_volume,600,600,liter,hour_equipment,33,19.2,50,13.5,67,10.8,14.5,3.00,hectare_per_hour,01/01/2019
202,mounted_sprayer,nominal_storable_net_volume,1000,1000,liter,hour_equipment,50,28,75,19.6,100,15.6,21.1,4.00,hectare_per_hour,01/01/2019
203,mounted_sprayer,nominal_storable_net_volume,1200,1200,liter,hour_equipment,67,39.6,100,28.2,133,22.8,30.2,6.00,hectare_per_hour,01/01/2019
204,mounted_sprayer,nominal_storable_net_volume,1500,1500,liter,hour_equipment,50,70.4,75,49.6,100,39.2,53.1,8.00,hectare_per_hour,01/01/2019
205,mounted_sprayer,nominal_storable_net_volume,1800,1800,liter,hour_equipment,50,83,70,62,90,51,65.3,10.00,hectare_per_hour,01/01/2019
206,mower_conditioner,application_width,2.5,2.5,meter,hour_equipment,62,50.72,78,42.24,94,36.48,43.2,1.60,hectare_per_hour,01/01/2019
207,mower_conditioner,application_width,3,3,meter,hour_equipment,62,58.8,75,50.8,88,44.8,51.5,2.00,hectare_per_hour,01/01/2019
208,mower_conditioner,application_width,3.5,3.5,meter,hour_equipment,62,66.48,73,58.8,83,52.8,59.4,2.40,hectare_per_hour,01/01/2019
209,pea_header,application_width,4.25,4.25,meter,hour_equipment,57,27.3,100,16.52,143,12.18,18.7,0.70,hectare_per_hour,01/01/2019
210,pea_header,application_width,4.85,4.85,meter,hour_equipment,53,37.91,94,22.52,147,15.39,25.3,0.85,hectare_per_hour,01/01/2019
211,pea_header,application_width,6.1,6.1,meter,hour_equipment,50,46.3,100,24.7,150,17.5,29.5,1.00,hectare_per_hour,01/01/2019
212,pivot,length,300,300,meter,hour_equipment,600,13.35,900,13.35,1200,13.35,13.4,,,01/01/2019
213,pivot,length,500,500,meter,hour_equipment,600,7.21,900,7.21,1200,7.21,7.2,,,01/01/2019
214,plow_interrow,rows_count,1,1,unity,hour_equipment,33,23.43,50,16.08,67,12.42,17.3,0.30,hectare_per_hour,01/01/2019
215,plow_interrow,rows_count,2,2,unity,hour_equipment,17,90.84,25,61.5,33,46.86,66.4,0.60,hectare_per_hour,01/01/2019
216,pneumatic_beet_sower,rows_count,6,6,unity,hour_equipment,50,39.42,67,30.12,83,24.54,31.4,1.20,hectare_per_hour,01/01/2019
217,pneumatic_beet_sower,rows_count,12,12,unity,hour_equipment,50,60.72,62,49.56,75,42,50.8,2.40,hectare_per_hour,01/01/2019
218,pneumatic_granule_spreader,nominal_storable_net_volume,10,10,hectoliter,hour_equipment,38,37.2,56,30,75,26.4,31.2,4.00,hectare_per_hour,01/01/2019
220,pneumatic_sprayer_lv,nominal_storable_net_volume,10,10,hectoliter,hour_equipment,92,22.32,132,16.43,171,13.21,17.3,1.90,hectare_per_hour,01/01/2019
221,pneumatic_sprayer_lv,nominal_storable_net_volume,20,20,hectoliter,hour_equipment,100,21.4,125,17.6,150,15,18.0,2.00,hectare_per_hour,01/01/2019
222,pneumatic_sprayer_tv,rows_count,6,6,unity,hour_equipment,100,22.84,146,16.36,194,12.78,17.3,1.75,hectare_per_hour,01/01/2019
223,pneumatic_sprayer_tv,rows_count,7,7,unity,hour_equipment,125,20.16,188,13.92,250,10.88,15.0,1.60,hectare_per_hour,01/01/2019
224,pneumatic_sprayer_vtv,rows_count,7,7,unity,hour_equipment,68,52.25,91,39.82,114,32.34,41.5,2.20,hectare_per_hour,01/01/2019
225,pneumatic_sprayer_vtv,rows_count,9,9,unity,hour_equipment,71,61.88,89,50.12,107,42.28,51.4,2.80,hectare_per_hour,01/01/2019
226,potato_grinder,rows_count,2,2,unity,hour_equipment,80,14.1,120,10.6,160,8.8,11.2,0.50,hectare_per_hour,01/01/2019
227,potato_grinder,rows_count,4,4,unity,hour_equipment,60,24.9,80,20.4,100,17.7,21.0,1.00,hectare_per_hour,01/01/2019
228,potato_harvester,rows_count,1,1,unity,hour_equipment,83,130.5,117,94.8,167,68.1,97.8,0.30,hectare_per_hour,01/01/2019
229,potato_harvester,rows_count,2,2,unity,hour_equipment,83,160.5,125,112.2,167,87.9,120.2,0.60,hectare_per_hour,01/01/2019
230,potato_hiller,rows_count,4,4,unity,hour_equipment,46,14.43,62,11.44,77,9.75,11.9,1.30,hectare_per_hour,01/01/2019
231,potato_planter,rows_count,2,2,unity,hour_equipment,67,34.62,100,24.18,133,18.96,25.9,0.60,hectare_per_hour,01/01/2019
232,potato_planter,rows_count,4,4,unity,hour_equipment,60,66.3,80,51.1,100,42,53.1,1.00,hectare_per_hour,01/01/2019
233,pre_pruner,element_count,5,5,unity,hour_equipment,60,30.75,90,25.8,120,23.35,26.6,0.50,hectare_per_hour,01/01/2019
234,pre_pruner,element_count,7,7,unity,hour_equipment,60,34.5,90,28.5,120,25.5,29.5,0.50,hectare_per_hour,01/01/2019
235,pre_pruner,element_count,8,8,unity,hour_equipment,54,51.55,110,40.72,167,37.28,43.2,0.80,hectare_per_hour,01/01/2019
236,pre_pruner_pruner,,,,,hour_equipment,400,25.9,500,24.8,600,24.1,24.9,0.50,hectare_per_hour,01/01/2019
237,projected_jet_sprayer_tv,rows_count,6,6,unity,hour_equipment,80,16.05,123,11.1,167,8.55,11.9,1.50,hectare_per_hour,01/01/2019
238,projected_jet_sprayer_vtv,rows_count,7,7,unity,hour_equipment,36,48.18,50,35.64,68,26.84,36.9,2.20,hectare_per_hour,01/01/2019
239,projected_jet_sprayer_vtv,rows_count,9,9,unity,hour_equipment,43,46.48,57,35.56,71,29.12,37.1,2.80,hectare_per_hour,01/01/2019
240,projection_granule_spreader,nominal_storable_net_volume,1,1,hectoliter,hour_equipment,50,3.8,75,3.4,100,3,3.4,2.00,hectare_per_hour,01/01/2019
241,projection_granule_spreader,nominal_storable_net_volume,6,8,hectoliter,hour_equipment,23,7.8,37,5.4,50,4.2,5.8,3.00,hectare_per_hour,01/01/2019
242,projection_granule_spreader,nominal_storable_net_volume,10,12,hectoliter,hour_equipment,33,11.4,50,8.1,67,6.3,8.6,3.00,hectare_per_hour,01/01/2019
243,projection_granule_spreader,nominal_storable_net_volume,12,18,hectoliter,hour_equipment,30,18,46,12.5,60,10,13.5,5.00,hectare_per_hour,01/01/2019
244,projection_granule_spreader,nominal_storable_net_volume,25,25,hectoliter,hour_equipment,40,25.5,60,18.5,80,14.5,19.5,10.00,hectare_per_hour,01/01/2019
245,projection_granule_spreader,nominal_storable_net_volume,30,30,hectoliter,hour_equipment,50,34,75,24,100,19,25.7,10.00,hectare_per_hour,01/01/2019
246,projection_granule_spreader,nominal_storable_net_volume,40,40,hectoliter,hour_equipment,40,52.5,53,40.5,67,34.5,42.5,15.00,hectare_per_hour,01/01/2019
247,projection_granule_spreader,nominal_storable_net_volume,40,45,hectoliter,hour_equipment,40,72,53,55.5,67,45,57.5,15.00,hectare_per_hour,01/01/2019
248,pump,motor_power,50,50,french_horsepower,hour_equipment,600,10.06,900,6.71,1200,05.03,7.3,0.17,hectare_per_hour,01/01/2019
249,pump,motor_power,80,80,french_horsepower,hour_equipment,600,12.23,900,8.15,1200,6.11,8.8,0.17,hectare_per_hour,01/01/2019
250,pump,motor_power,125,125,french_horsepower,hour_equipment,600,20.47,900,13.64,1200,10.23,14.8,0.33,hectare_per_hour,01/01/2019
251,pump,motor_power,150,150,french_horsepower,hour_equipment,600,21.49,900,14.33,1200,10.75,15.5,0.33,hectare_per_hour,01/01/2019
252,quad,motor_power,25,30,french_horserpower,hour_equipment,100,14.8,150,13,200,12.1,13.3,,,01/01/2019
253,quad,motor_power,30,35,french_horserpower,hour_equipment,100,16.5,150,14.4,200,13.3,14.7,,,01/01/2019
254,quad,motor_power,40,45,french_horserpower,hour_equipment,100,18.1,150,15.7,200,14.5,16.1,,,01/01/2019
255,quad,motor_power,50,55,french_horserpower,hour_equipment,100,23.8,150,20.2,200,18.4,20.8,,,01/01/2019
256,quad_anti_slug_sprayer,,,,,hour_equipment,10,1.7,20,1.5,30,0.4,1.2,15.00,hectare_per_hour,01/01/2019
257,quad_sprayer,,,,,hour_equipment,100,9.2,150,8,200,7.4,8.2,3.00,hectare_per_hour,01/01/2019
258,quad_spreader,,,,,hour_equipment,30,8.1,40,6.9,50,6.2,7.1,5.00,hectare_per_hour,01/01/2019
259,rake,application_width,3.5,3.5,meter,hour_equipment,25,18.2,38,13,50,10.4,13.9,2.00,hectare_per_hour,01/01/2019
260,rake,application_width,4.2,4.5,meter,hour_equipment,28,27.5,44,18.75,56,15.25,20.5,2.50,hectare_per_hour,01/01/2019
261,rake,application_width,6,6,meter,hour_equipment,34,44.1,46,34.3,57,28.35,35.6,3.50,hectare_per_hour,01/01/2019
262,rake,application_width,7,7,meter,hour_equipment,33,56.25,44,43.65,56,36,45.3,4.50,hectare_per_hour,01/01/2019
263,rake,application_width,8.4,9.3,meter,hour_equipment,36,69.3,45,56.65,55,48.4,58.1,5.50,hectare_per_hour,01/01/2019
264,rake,application_width,9.6,9.6,meter,hour_equipment,29,80.5,43,56,57,44.1,60.2,7.00,hectare_per_hour,01/01/2019
265,reaper,motor_power,70,110,french_horserpower,hour_equipment,70,67,90,58,110,52,59.0,0.70,hectare_per_hour,01/01/2019
266,reaper,motor_power,130,170,french_horserpower,hour_equipment,100,94,125,83,150,75,84.0,1.00,hectare_per_hour,01/01/2019
267,reaper,motor_power,170,190,french_horserpower,hour_equipment,120,131,160,107,200,93,110.3,1.25,hectare_per_hour,01/01/2019
268,reaper,motor_power,190,220,french_horserpower,hour_equipment,150,155,200,127,250,111,131.0,1.50,hectare_per_hour,01/01/2019
269,reaper,motor_power,220,250,french_horserpower,hour_equipment,175,177,225,149,275,131,152.3,1.75,hectare_per_hour,01/01/2019
270,reaper,motor_power,250,290,french_horserpower,hour_equipment,200,200,260,167,320,147,171.3,1.95,hectare_per_hour,01/01/2019
271,reaper,motor_power,290,320,french_horserpower,hour_equipment,230,221,300,184,375,160,188.3,2.15,hectare_per_hour,01/01/2019
272,reaper,motor_power,320,360,french_horserpower,hour_equipment,275,230,350,196,425,174,200.0,2.40,hectare_per_hour,01/01/2019
273,reaper,motor_power,360,420,french_horserpower,hour_equipment,425,231,500,210,575,195,212.0,3.15,hectare_per_hour,01/01/2019
274,reaper,motor_power,420,460,french_horserpower,hour_equipment,475,254,550,234,625,218,235.3,3.45,hectare_per_hour,01/01/2019
275,reaper,motor_power,460,490,french_horserpower,hour_equipment,500,276,600,248,700,229,251.0,3.80,hectare_per_hour,01/01/2019
276,reaper,motor_power,490,530,french_horserpower,hour_equipment,600,311,700,285,800,267,287.7,4.30,hectare_per_hour,01/01/2019
277,reaper,motor_power,530,560,french_horserpower,hour_equipment,650,329,775,299,900,278,302.0,4.60,hectare_per_hour,01/01/2019
278,reversible_plow,plowshare_count,2,2,unity,hour_equipment,57,8.36,86,6.47,114,5.53,6.8,0.35,hectare_per_hour,01/01/2019
279,reversible_plow,plowshare_count,3,3,unity,hour_equipment,55,19.31,91,13.28,127,10.7,14.4,0.55,hectare_per_hour,01/01/2019
280,reversible_plow,plowshare_count,4,4,unity,hour_equipment,93,16.87,114,14.8,143,12.91,14.9,0.70,hectare_per_hour,01/01/2019
281,reversible_plow,plowshare_count,5,5,unity,hour_equipment,127,19.24,175,15.97,216,14.36,16.5,0.97,hectare_per_hour,01/01/2019
282,reversible_plow,plowshare_count,6,6,unity,hour_equipment,145,25.36,181,22.39,217,20.42,22.7,1.38,hectare_per_hour,01/01/2019
283,reversible_plow,plowshare_count,7,7,unity,hour_equipment,154,24.96,192,21.97,231,20.02,22.3,1.30,hectare_per_hour,01/01/2019
284,reversible_plow,plowshare_count,7,8,unity,hour_equipment,143,32.34,179,28,214,25.2,28.5,1.40,hectare_per_hour,01/01/2019
285,reversible_plow,plowshare_count,9,10,unity,hour_equipment,150,36.3,175,33.3,200,31,33.5,2.00,hectare_per_hour,01/01/2019
286,reversible_plow,plowshare_count,12,12,unity,hour_equipment,160,46.25,180,43.25,200,40.75,43.4,2.50,hectare_per_hour,01/01/2019
287,rollstar_hoe,rows_count,6,6,unity,hour_equipment,100,15.45,133,12.15,167,10.2,12.6,1.50,hectare_per_hour,01/01/2019
288,rotary_cultivator,application_width,1.6,1.6,meter,hour_equipment,67,4.26,100,3.33,133,2.85,3.5,0.30,hectare_per_hour,01/01/2019
289,rotary_cultivator,application_width,2,2,meter,hour_equipment,80,9.8,120,7.35,160,6.1,7.8,0.50,hectare_per_hour,01/01/2019
290,rotary_cultivator,application_width,3,3,meter,hour_equipment,78,21.92,100,18.13,122,15.75,18.6,0.90,hectare_per_hour,01/01/2019
291,rotary_cultivator,application_width,4,4,meter,hour_equipment,67,52.05,100,38.1,133,31.2,40.5,1.50,hectare_per_hour,01/01/2019
292,rotary_cultivator_lv,application_width,1.8,1.8,meter,hour_equipment,17,31.92,42,15.3,67,11.16,19.5,0.60,hectare_per_hour,01/01/2019
293,rotary_cultivator_tv,application_width,1,1,meter,hour_equipment,25,12.24,62,6.6,100,5.2,8.0,0.40,hectare_per_hour,01/01/2019
294,rotary_flail_intercep,rows_count,1,1,unity,hour_equipment,33,22.59,50,15.54,67,12,16.7,0.30,hectare_per_hour,01/01/2019
295,rotary_flail_intercep,rows_count,2,2,unity,hour_equipment,17,85.2,25,57.78,33,44.04,62.3,0.60,hectare_per_hour,01/01/2019
296,rotary_grinder_lv,application_width,1.5,1.5,meter,hour_equipment,50,4.6,75,3.5,100,2.9,3.7,1.00,hectare_per_hour,01/01/2019
297,rotary_grinder_tv,application_width,1,1.25,meter,hour_equipment,50,5.22,67,4.11,83,3.48,4.3,0.60,hectare_per_hour,01/01/2019
298,rotary_harrow,application_width,2.5,2.5,meter,hour_equipment,38,32.88,56,22.96,75,18.08,24.6,0.80,hectare_per_hour,01/01/2019
299,rotary_harrow,application_width,3,3,meter,hour_equipment,67,26.76,83,22.32,100,19.44,22.8,1.20,hectare_per_hour,01/01/2019
300,rotary_harrow,application_width,3.5,3.5,meter,hour_equipment,67,33.15,83,27.75,100,24.15,28.4,1.50,hectare_per_hour,01/01/2019
301,rotary_harrow,application_width,4,4,meter,hour_equipment,57,51.19,86,36.49,114,29.14,38.9,1.75,hectare_per_hour,01/01/2019
302,rotary_harrow,application_width,4.5,4.5,meter,hour_equipment,75,49,100,38.8,125,32.6,40.1,2.00,hectare_per_hour,01/01/2019
303,rotary_harrow,application_width,6,6,meter,hour_equipment,100,53.1,133,42.9,167,36.6,44.2,3.00,hectare_per_hour,01/01/2019
304,rotary_hoe,application_width,4.5,4.5,meter,hour_equipment,22,40.05,33,28.8,44,22.95,30.6,4.50,hectare_per_hour,01/01/2019
305,rotary_hoe,application_width,6,6,meter,hour_equipment,25,51.6,38,37.2,50,30,39.6,6.00,hectare_per_hour,01/01/2019
306,rotary_hoe,application_width,6.4,6.4,meter,hour_equipment,21,93.1,32,65.1,43,51.1,69.8,7.00,hectare_per_hour,01/01/2019
307,rotary_mower,application_width,1.65,1.65,meter,hour_equipment,38,15.68,50,12.32,62,10.32,12.8,0.80,hectare_per_hour,01/01/2019
308,rotary_mower,application_width,2,2,meter,hour_equipment,42,18.48,54,15.12,67,12.96,15.5,1.20,hectare_per_hour,01/01/2019
309,rotary_mower,application_width,2.4,2.4,meter,hour_equipment,40,26.25,53,20.85,67,17.55,21.6,1.50,hectare_per_hour,01/01/2019
310,rotary_mower,application_width,2.8,2.8,meter,hour_equipment,39,29.52,50,24.12,61,20.7,24.8,1.80,hectare_per_hour,01/01/2019
311,rotary_mower,application_width,3.2,3.2,meter,hour_equipment,36,35.42,45,29.7,55,25.96,30.4,2.20,hectare_per_hour,01/01/2019
312,rotary_mower,application_width,3.6,3.6,meter,hour_equipment,40,39.5,50,33,60,28.75,33.8,2.50,hectare_per_hour,01/01/2019
313,rotary_mower,application_width,4,4,meter,hour_equipment,42,45.3,55,36.6,67,31.8,37.9,3.00,hectare_per_hour,01/01/2019
314,rotary_spade_interrow,rows_count,1,1,unity,hour_equipment,50,8.4,75,5.92,100,4.68,6.3,0.20,hectare_per_hour,01/01/2019
315,rotary_spade_interrow,rows_count,2,2,unity,hour_equipment,25,31.6,38,21.72,50,16.76,23.4,0.40,hectare_per_hour,01/01/2019
316,rotary_weeder,application_width,4.5,4.5,meter,hour_equipment,17,79.8,25,55.8,33,43.8,59.8,6.00,hectare_per_hour,01/01/2019
317,rotary_weeder,application_width,6,6,meter,hour_equipment,21,79.1,32,55.3,43,44.1,59.5,7.00,hectare_per_hour,01/01/2019
318,rotary_weeder,application_width,12,12,meter,hour_equipment,17,151.2,21,124.8,29,93.6,123.2,12.00,hectare_per_hour,01/01/2019
319,rotative_intercep,,,,,hour_equipment,42,39.42,67,25.68,100,18.06,27.7,0.60,hectare_per_hour,01/01/2019
320,round_baler,nominal_storable_net_volume,1.36,1.36,cubic_meter,hour_equipment,32,102.5,40,87.5,48,80,90.0,25.00,unity_per_hour,01/01/2019
321,round_baler,nominal_storable_net_volume,2.41,2.41,cubic_meter,hour_equipment,34,147,49,119,63,105,123.7,35.00,unity_per_hour,01/01/2019
322,round_baler,nominal_storable_net_volume,03.05,03.05,cubic_meter,hour_equipment,43,154,66,122.5,86,108.5,128.3,35.00,unity_per_hour,01/01/2019
323,scarifier,,,,,hour_equipment,42,05.04,58,04.02,83,3.24,4.1,0.60,hectare_per_hour,01/01/2019
324,seed_corn_sprayer,application_width,12,12,meter,hour_equipment,20,43,25,36,30,31.4,36.8,5.00,hectare_per_hour,01/01/2019
325,seed_corn_topper,,,,,hour_equipment,18,43.3,25,31.2,32,24.8,33.1,2.00,hectare_per_hour,01/01/2019
326,seed_corn_tractor,motor_power,70,70,french_horserpower,hour_equipment,75,78,90,67,105,59,68.0,,,01/01/2019
327,seed_corn_tractor,motor_power,90,90,french_horserpower,hour_equipment,100,98,125,81,150,75,84.7,,,01/01/2019
328,self_loading_hay_trailer,nominal_storable_net_volume,25,25,cubic_meter,hour_equipment,47,39.22,53,34.5,67,27.97,33.9,0.75,hectare_per_hour,01/01/2019
329,self_loading_hay_trailer,nominal_storable_net_volume,35,35,cubic_meter,hour_equipment,40,63.5,52,49.5,64,40.75,51.3,1.25,hectare_per_hour,01/01/2019
330,self_loading_silage_trailer,nominal_storable_net_volume,55,55,cubic_meter,hour_equipment,57,126.7,86,88.38,114,69.12,94.7,1.75,hectare_per_hour,01/01/2019
331,self_loading_silage_trailer,nominal_storable_net_volume,70,70,cubic_meter,hour_equipment,75,126,100,97.8,125,80.8,101.5,2.00,hectare_per_hour,01/01/2019
332,self_propelled_beet_harvester,motor_power,200,300,french_horserpower,hour_equipment,143,141,171,127,214,113,127.0,0.70,hectare_per_hour,01/01/2019
333,self_propelled_beet_harvester,motor_power,300,300,french_horserpower,hour_equipment,150,169,188,145,225,129,147.7,0.80,hectare_per_hour,01/01/2019
334,self_propelled_beet_harvester,motor_power,350,400,french_horserpower,hour_equipment,222,207,278,177,333,158,180.7,0.90,hectare_per_hour,01/01/2019
335,self_propelled_beet_harvester,motor_power,450,500,french_horserpower,hour_equipment,400,220,500,191,600,171,194.0,1.00,hectare_per_hour,01/01/2019
336,self_propelled_beet_harvester,motor_power,550,600,french_horserpower,hour_equipment,500,211,600,189,700,173,191.0,1.00,hectare_per_hour,01/01/2019
337,self_propelled_carrier,motor_power,120,120,french_horserpower,hour_equipment,200,46.3,350,30.3,500,24,33.5,,,01/01/2019
338,self_propelled_carrier,motor_power,150,150,french_horserpower,hour_equipment,200,65.5,350,42.5,500,33.5,47.2,,,01/01/2019
339,self_propelled_carrier,motor_power,180,180,french_horserpower,hour_equipment,200,72.2,350,46.4,500,36.2,51.6,,,01/01/2019
340,self_propelled_cider_apple_harvester,nominal_storable_net_volume,0.5,0.5,cubic_meter,hour_equipment,67,59,133,34,200,25,39.3,3.00,ton_per_hour,01/01/2019
341,self_propelled_cider_apple_harvester,nominal_storable_net_volume,1.25,1.25,cubic_meter,hour_equipment,83,92,125,67,167,55,71.3,6.00,ton_per_hour,01/01/2019
342,self_propelled_cider_apple_harvester,nominal_storable_net_volume,7,8,cubic_meter,hour_equipment,150,204,183,180,208,168,184.0,12.00,ton_per_hour,01/01/2019
343,self_propelled_cider_apple_harvester,nominal_storable_net_volume,10,12,cubic_meter,hour_equipment,208,190,292,157,375,139,162.0,12.00,ton_per_hour,01/01/2019
344,self_propelled_flax_baler,motor_power,70,70,french_horserpower,hour_equipment,43,134,57,104,71,86,108.0,0.70,hectare_per_hour,01/01/2019
345,self_propelled_flax_baler,motor_power,120,120,french_horserpower,hour_equipment,50,231,75,162,100,127,173.3,1.00,hectare_per_hour,01/01/2019
346,self_propelled_flax_turner,motor_power,60,60,french_horserpower,hour_equipment,50,105,75,75,100,60,80.0,0.80,hectare_per_hour,01/01/2019
347,self_propelled_flax_turner,motor_power,110,110,french_horserpower,hour_equipment,50,234,75,165,100,131,176.7,1.60,hectare_per_hour,01/01/2019
348,self_propelled_grape_harvester_lv,motor_power,100,100,french_horserpower,hour_equipment,67,223,100,134,133,108,155.0,0.60,hectare_per_hour,01/01/2019
349,self_propelled_grape_harvester_lv,motor_power,150,150,french_horserpower,hour_equipment,86,227,129,142,171,117,162.0,0.70,hectare_per_hour,01/01/2019
350,self_propelled_grape_harvester_lv,motor_power,180,180,french_horserpower,hour_equipment,75,322,125,182.5,175,145.5,216.7,0.80,hectare_per_hour,01/01/2019
351,self_propelled_grape_harvester_tv,motor_power,120,120,french_horserpower,hour_equipment,67,209,100,147,133,116,157.3,0.30,hectare_per_hour,01/01/2019
352,self_propelled_grape_harvester_tv,motor_power,140,140,french_horserpower,hour_equipment,50,326,75,228,100,179,244.3,0.40,hectare_per_hour,01/01/2019
353,self_propelled_grape_harvester_tv,motor_power,180,180,french_horserpower,hour_equipment,40,473,60,329,80,257,353.0,0.50,hectare_per_hour,01/01/2019
354,self_propelled_mixer_unloader,motor_power,130,130,french_horserpower,hour_equipment,300,74.5,350,66.6,400,60.6,67.2,,,01/01/2019
355,self_propelled_mixer_unloader,motor_power,160,160,french_horserpower,hour_equipment,400,75.3,600,57.9,800,49.2,60.8,,,01/01/2019
356,self_propelled_mixer_unloader,motor_power,200,200,french_horserpower,hour_equipment,400,90,600,62.8,800,54.1,69.0,,,01/01/2019
357,self_propelled_potato_harvester,motor_power,340,340,french_horserpower,hour_equipment,143,378,214,270.2,286,215.6,287.9,0.70,hectare_per_hour,01/01/2019
358,self_propelled_potato_harvester,motor_power,400,400,french_horserpower,hour_equipment,182,444.4,227,370.7,273,321.2,378.8,1.10,hectare_per_hour,01/01/2019
359,self_propelled_potato_harvester,motor_power,480,480,french_horserpower,hour_equipment,133,610.5,167,507,200,439.5,519.0,1.50,hectare_per_hour,01/01/2019
360,self_propelled_sprayer,motor_power,140,140,french_horserpower,hour_equipment,75,242,100,190,125,160,197.3,20.00,hectare_per_hour,01/01/2019
361,self_propelled_sprayer,motor_power,180,180,french_horserpower,hour_equipment,60,392.5,80,307.5,100,255,318.3,25.00,hectare_per_hour,01/01/2019
362,self_propelled_sprayer,motor_power,200,200,french_horserpower,hour_equipment,100,270,120,232.5,140,207.5,236.7,25.00,hectare_per_hour,01/01/2019
363,self_propelled_sprayer,motor_power,220,220,french_horserpower,hour_equipment,88,344,100,308,112,284,312.0,40.00,hectare_per_hour,01/01/2019
364,self_propelled_sprayer,motor_power,250,250,french_horserpower,hour_equipment,125,321.33,150,278.67,175,250.67,283.6,40.00,hectare_per_hour,01/01/2019
365,silage_bucket,nominal_storable_net_volume,1.5,1.5,cubic_meter,hour_equipment,100,7.5,150,5.2,200,4.1,5.6,,,01/01/2019
366,silage_bucket,nominal_storable_net_volume,2.5,2.5,cubic_meter,hour_equipment,100,13.7,150,9.4,200,7.2,10.1,,,01/01/2019
367,silage_bucket,nominal_storable_net_volume,3,3,cubic_meter,hour_equipment,100,20,150,13.6,200,10.4,14.7,,,01/01/2019
368,simple_plow,plowshare_count,2,2,unity,hour_equipment,50,5.76,67,4.89,100,04.05,4.9,0.30,hectare_per_hour,01/01/2019
369,simple_plow,plowshare_count,3,3,unity,hour_equipment,30,13.85,40,11.35,60,8.85,11.4,0.50,hectare_per_hour,01/01/2019
370,simple_plow,plowshare_count,4,4,unity,hour_equipment,25,22.48,38,17.04,50,14.32,18.0,0.80,hectare_per_hour,01/01/2019
371,single_grain_sower,rows_count,4,4,unity,hour_equipment,56,11.25,81,8.15,106,6.53,8.6,0.90,hectare_per_hour,01/01/2019
372,single_grain_sower,rows_count,6,6,unity,hour_equipment,54,31.27,67,26.07,83,21.67,26.3,2.00,hectare_per_hour,01/01/2019
373,single_grain_sower,rows_count,8,8,unity,hour_equipment,65,42.12,75,37.12,85,33.38,37.5,2.50,hectare_per_hour,01/01/2019
374,single_grain_sower,rows_count,11,11,unity,hour_equipment,80,47,120,33,160,26,35.3,2.50,hectare_per_hour,01/01/2019
375,slurry_spreader,nominal_storable_net_volume,6,6,cubic_meter,hour_equipment,100,18.2,125,15,150,13,15.4,0.40,hectare_per_hour,01/01/2019
376,slurry_spreader,nominal_storable_net_volume,8,8,cubic_meter,hour_equipment,150,16.6,200,13.2,250,11,13.6,0.53,hectare_per_hour,01/01/2019
377,slurry_spreader,nominal_storable_net_volume,10,12,cubic_meter,hour_equipment,200,19,250,15.8,300,13.6,16.1,0.73,hectare_per_hour,01/01/2019
378,slurry_spreader,nominal_storable_net_volume,12,14,cubic_meter,hour_equipment,200,25,250,20.8,300,18,21.3,0.87,hectare_per_hour,01/01/2019
379,slurry_spreader,nominal_storable_net_volume,15,17,cubic_meter,hour_equipment,333,20.4,400,17.55,466,15.45,17.8,0.80,hectare_per_hour,01/01/2019
380,slurry_spreader,nominal_storable_net_volume,18,20,cubic_meter,hour_equipment,400,20.6,500,17.1,600,14.9,17.5,0.95,hectare_per_hour,01/01/2019
381,slurry_spreader,nominal_storable_net_volume,21,21,cubic_meter,hour_equipment,375,39,475,32.4,575,28,33.1,1.40,hectare_per_hour,01/01/2019
382,solid_deep_injector,rows_count,4,4,unity,hour_equipment,50,35.6,75,25.2,100,20,26.9,2.00,hectare_per_hour,01/01/2019
383,solid_deep_injector,rows_count,6,6,unity,hour_equipment,50,59.4,67,46.2,83,38.1,47.9,3.00,hectare_per_hour,01/01/2019
384,solid_deep_injector,rows_count,8,8,unity,hour_equipment,62,66.8,81,53.6,100,45.6,55.3,4.00,hectare_per_hour,01/01/2019
385,spire_roller,application_width,4,4,meter,hour_equipment,50,15,60,12.75,70,11.25,13.0,2.50,hectare_per_hour,01/01/2019
386,spire_roller,application_width,6,6,meter,hour_equipment,43,21,50,18.55,64,15.05,18.2,3.50,hectare_per_hour,01/01/2019
387,spreader_lv,,,,,hour_equipment,10,20.1,20,10.3,40,5.5,12.0,1.00,hectare_per_hour,01/01/2019
388,spreader_tv,application_width,7,9,meter,hour_equipment,5,51.6,10,26.4,20,13.8,30.6,2.00,hectare_per_hour,01/01/2019
389,star_intercep,rows_count,1,1,unity,hour_equipment,20,16.95,30,12.1,40,9.65,12.9,0.50,hectare_per_hour,01/01/2019
390,star_intercep,rows_count,2,2,unity,hour_equipment,10,63,15,43.6,20,33.9,46.8,1.00,hectare_per_hour,01/01/2019
391,stone_aligner,application_width,2.8,2.8,meter,hour_equipment,20,52.1,30,35.6,40,27.4,38.4,,,01/01/2019
392,stone_aligner,application_width,3,3,meter,hour_equipment,20,62.5,40,33.6,60,24,40.0,,,01/01/2019
393,stone_aligner,application_width,4,4,meter,hour_equipment,30,47.2,40,36.1,50,29.5,37.6,,,01/01/2019
394,stone_aligner,application_width,6,6,meter,hour_equipment,40,43.7,50,35.6,60,30.3,36.5,,,01/01/2019
395,stone_grinder,application_width,1,1.5,meter,hour_equipment,40,60.1,60,42.8,80,34.1,45.7,,,01/01/2019
396,stone_grinder,application_width,1.8,2,meter,hour_equipment,80,50.1,100,42.1,120,36.7,43.0,,,01/01/2019
397,stone_grinder,application_width,2.5,2.5,meter,hour_equipment,120,44.1,140,39.3,160,35.8,39.7,,,01/01/2019
398,stone_picker,nominal_storable_net_volume,1,2,cubic_meter,hour_equipment,40,98,60,68,80,53,73.0,,,01/01/2019
399,stone_picker,nominal_storable_net_volume,3,3,cubic_meter,hour_equipment,50,90,70,66,90,53,69.7,,,01/01/2019
400,stone_picker,nominal_storable_net_volume,4,4,cubic_meter,hour_equipment,50,115,70,84,90,67,88.7,,,01/01/2019
401,straddle_tractor,motor_power,50,60,french_horserpower,hour_equipment,300,16.4,500,13.8,700,13,14.4,,,01/01/2019
402,straddle_tractor,motor_power,60,75,french_horserpower,hour_equipment,300,20.3,500,16.9,700,15.8,17.7,,,01/01/2019
403,straddle_tractor,motor_power,75,85,french_horserpower,hour_equipment,300,25.7,500,21,700,19.4,22.0,,,01/01/2019
404,straddle_tractor,motor_power,85,95,french_horserpower,hour_equipment,300,28.4,500,23.2,700,21.5,24.4,,,01/01/2019
405,straddle_tractor,motor_power,95,105,french_horserpower,hour_equipment,300,31.5,500,25.6,700,23.6,26.9,,,01/01/2019
406,straddle_tractor,motor_power,105,115,french_horserpower,hour_equipment,300,35.5,500,28.7,700,26.4,30.2,,,01/01/2019
407,straddle_tractor,motor_power,115,135,french_horserpower,hour_equipment,300,37.6,500,30.5,700,28.1,32.1,,,01/01/2019
408,straddle_tractor,motor_power,135,155,french_horserpower,hour_equipment,300,44.6,500,35.9,700,33.1,37.9,,,01/01/2019
409,strap_trunck_cleaner,element_count,1,1,unity,hour_equipment,25,10.16,50,5.44,75,3.88,6.5,0.40,hectare_per_hour,01/01/2019
410,strap_trunck_cleaner,element_count,2,2,unity,hour_equipment,17,33.24,33,17.16,50,11.82,20.7,0.60,hectare_per_hour,01/01/2019
411,straw_blower,,,,,hour_equipment,100,13.5,125,10.9,150,9.2,11.2,,,01/01/2019
412,strip_till,element_count,4,4,unity,hour_equipment,33,51.45,50,37.5,67,30.6,39.9,1.50,hectare_per_hour,01/01/2019
413,strip_till,element_count,6,6,unity,hour_equipment,34,61.37,51,44.77,69,36.15,47.4,1.70,hectare_per_hour,01/01/2019
414,strip_till,element_count,8,8,unity,hour_equipment,48,77.67,64,62.04,80,52.64,64.1,2.35,hectare_per_hour,01/01/2019
415,strip_till,element_count,12,12,unity,hour_equipment,50,99.3,67,79.2,83,67.2,81.9,3.00,hectare_per_hour,01/01/2019
416,subsoiler,element_count,2,2,unity,hour_equipment,50,4.76,75,3.68,100,3.16,3.9,0.40,hectare_per_hour,01/01/2019
417,subsoiler,element_count,3,3,unity,hour_equipment,33,13.32,50,9.66,67,7.8,10.3,0.60,hectare_per_hour,01/01/2019
418,subsoiler,element_count,4,4,unity,hour_equipment,42,18.24,62,14.76,83,12.96,15.3,1.20,hectare_per_hour,01/01/2019
419,subsoiler,element_count,6,6,unity,hour_equipment,42,30,62,22.56,83,18.9,23.8,1.20,hectare_per_hour,01/01/2019
420,subsoiler,element_count,8,8,unity,hour_equipment,56,28.8,69,25.38,83,23.04,25.7,1.80,hectare_per_hour,01/01/2019
421,surface_pump,motor_power,50,50,french_horsepower,hour_equipment,600,9.43,900,6.29,1200,4.71,6.8,0.17,hectare_per_hour,01/01/2019
422,surface_pump,motor_power,100,100,french_horsepower,hour_equipment,600,18.7,900,12.47,1200,9.35,13.5,0.33,hectare_per_hour,01/01/2019
423,tank_pump,nominal_storable_net_volume,300,300,liter,hour_equipment,16,9.5,30,6.35,45,4.45,6.8,1.00,hectare_per_hour,01/01/2019
424,tedder,application_width,3,3,meter,hour_equipment,33,12.15,50,8.85,67,7.2,9.4,1.50,hectare_per_hour,01/01/2019
425,tedder,application_width,5.5,5.5,meter,hour_equipment,32,23.25,44,17.75,60,14,18.3,2.50,hectare_per_hour,01/01/2019
426,tedder,application_width,6.5,6.5,meter,hour_equipment,29,39.55,40,30.1,51,25.2,31.6,3.50,hectare_per_hour,01/01/2019
427,tedder,application_width,9,9,meter,hour_equipment,31,49.95,44,37.35,56,31.95,39.8,4.50,hectare_per_hour,01/01/2019
428,tedder,application_width,12,12,meter,hour_equipment,42,60.6,50,52.8,58,46.8,53.4,6.00,hectare_per_hour,01/01/2019
429,telescopic,motor_power,90,90,french_horserpower,hour_equipment,500,25.9,700,22,900,19.9,22.6,,,01/01/2019
430,telescopic,motor_power,110,110,french_horserpower,hour_equipment,500,29.1,700,24.7,900,22.2,25.3,,,01/01/2019
431,telescopic,motor_power,120,120,french_horserpower,hour_equipment,500,32.3,700,27.1,900,24.3,27.9,,,01/01/2019
432,telescopic,motor_power,140,140,french_horserpower,hour_equipment,500,35.7,700,29.9,900,26.7,30.8,,,01/01/2019
433,thermal_leaves_remover,,,,,hour_equipment,30,49.2,40,36.95,60,24.75,37.0,0.50,hectare_per_hour,01/01/2019
434,thermal_weeder,rows_count,6,6,unity,hour_equipment,36,38.5,50,27.72,71,19.74,28.7,1.40,hectare_per_hour,01/01/2019
435,thermal_weeder,rows_count,8,8,unity,hour_equipment,44,40.68,56,32.76,67,27.54,33.7,1.80,hectare_per_hour,01/01/2019
436,tight_tine_hoe,rows_count,6,6,unity,hour_equipment,43,16.94,57,13.02,71,10.64,13.5,1.40,hectare_per_hour,01/01/2019
437,tight_tine_hoe,rows_count,8,8,unity,hour_equipment,44,19.44,56,15.84,67,13.5,16.3,1.80,hectare_per_hour,01/01/2019
438,tight_tine_hoe,rows_count,11,11,unity,hour_equipment,43,29.4,54,23.8,64,20.16,24.5,2.80,hectare_per_hour,01/01/2019
439,tight_tine_hoe,rows_count,18,18,unity,hour_equipment,40,49.5,50,40.5,60,34,41.3,5.00,hectare_per_hour,01/01/2019
440,tine_sower,application_width,3,3,meter,hour_equipment,93,43.38,134,31.62,176,25.38,33.5,1.80,hectare_per_hour,01/01/2019
441,tine_sower,application_width,4,4,meter,hour_equipment,93,54.41,125,42.46,157,35.44,44.1,2.70,hectare_per_hour,01/01/2019
442,tine_sower,application_width,6,6,meter,hour_equipment,104,69.05,136,55.3,169,47.06,57.1,3.62,hectare_per_hour,01/01/2019
443,tine_stubble_cultivator,application_width,3,3,meter,hour_equipment,83,16.92,97,15.66,111,14.76,15.8,1.80,hectare_per_hour,01/01/2019
444,tine_stubble_cultivator,application_width,4,4,meter,hour_equipment,80,27,100,24,120,22,24.3,2.50,hectare_per_hour,01/01/2019
445,tine_stubble_cultivator,application_width,6,6,meter,hour_equipment,86,40.6,114,34.65,143,30.8,35.4,3.50,hectare_per_hour,01/01/2019
446,tine_stubble_cultivator,application_width,8,10,meter,hour_equipment,100,26,150,20,200,17,21.0,10.00,hectare_per_hour,01/01/2019
447,tipper_trailer,nominal_storable_net_mass,6,6,ton,hour_equipment,50,7.7,100,4.2,150,3,5.0,,,01/01/2019
448,tipper_trailer,nominal_storable_net_mass,8,8,ton,hour_equipment,50,11.5,100,6.1,150,4.4,7.3,,,01/01/2019
449,tipper_trailer,nominal_storable_net_mass,10,10,ton,hour_equipment,50,18.3,100,9.8,150,7,11.7,,,01/01/2019
450,tipper_trailer,nominal_storable_net_mass,13,13,ton,hour_equipment,100,11.7,175,7.3,250,5.6,8.2,,,01/01/2019
451,tipper_trailer,nominal_storable_net_mass,15,16,ton,hour_equipment,100,13,175,8.1,250,6.1,9.1,,,01/01/2019
452,tipper_trailer,nominal_storable_net_mass,18,18,ton,hour_equipment,100,17.8,175,10.9,250,8.2,12.3,,,01/01/2019
453,tipper_trailer,nominal_storable_net_mass,20,21,ton,hour_equipment,100,21.7,175,13.2,250,9.7,14.9,,,01/01/2019
454,tipper_trailer,nominal_storable_net_mass,22,24,ton,hour_equipment,150,17.1,250,11,350,8.4,12.2,,,01/01/2019
455,topper,application_width,6,6,meter,hour_equipment,28,46.26,42,31.68,56,24.48,34.1,1.80,hectare_per_hour,01/01/2019
456,topper,application_width,9,9,meter,hour_equipment,28,55,40,39.5,52,31.25,41.9,2.50,hectare_per_hour,01/01/2019
457,topper,application_width,12,12,meter,hour_equipment,29,69.65,43,47.95,57,37.45,51.7,3.50,hectare_per_hour,01/01/2019
458,topper_trimmer_lv,rows_count,1,1,unity,hour_equipment,16,57.77,24,39.28,33,30.01,42.4,1.23,hectare_per_hour,01/01/2019
459,topper_trimmer_lv,rows_count,2,2,unity,hour_equipment,16,89.75,24,61.5,32,47.25,66.2,2.50,hectare_per_hour,01/01/2019
460,topper_trimmer_tv,rows_count,4,4,unity,hour_equipment,40,84.5,80,44.5,120,31.25,53.4,2.50,hectare_per_hour,01/01/2019
461,tractor,motor_power,56,65,french_horserpower,hour_equipment,500,9.35,700,8.8,900,8.35,8.8,,,01/01/2019
462,tractor,motor_power,66,75,french_horserpower,hour_equipment,500,10.6,700,10.05,900,9.55,10.07,,,01/01/19
463,tractor,motor_power,76,85,french_horserpower,hour_equipment,500,12.77,700,12.07,900,11.43,12.09,,,01/01/19
464,tractor,motor_power,86,95,french_horserpower,hour_equipment,500,14.13,700,13.33,900,12.7,13.39,,,01/01/19
465,tractor,motor_power,96,105,french_horserpower,hour_equipment,500,16.07,700,15.17,900,14.4,15.21,,,01/01/19
466,tractor,motor_power,106,115,french_horserpower,hour_equipment,500,20.3,700,19.2,900,18.1,19.2,,,01/01/19
467,tractor,motor_power,116,125,french_horserpower,hour_equipment,500,21.2,700,20,900,19,20.07,,,01/01/19
468,tractor,motor_power,126,135,french_horserpower,hour_equipment,500,22.5,700,21.3,900,20.2,21.33,,,01/01/19
469,tractor,motor_power,126,140,french_horserpower,hour_equipment,500,23.1,700,21.8,900,20.6,21.83,,,01/01/19
470,tractor,motor_power,141,160,french_horserpower,hour_equipment,500,28.5,700,27,900,25.6,27.03,,,01/01/19
471,tractor,motor_power,161,180,french_horserpower,hour_equipment,500,32.6,700,30.9,900,29.3,30.93,,,01/01/19
472,tractor,motor_power,180,200,french_horserpower,hour_equipment,500,37.03,700,35.1,900,33.33,35.15,,,01/01/19
473,tractor,motor_power,200,220,french_horserpower,hour_equipment,500,40.95,700,38.75,900,36.75,38.82,,,01/01/19
474,tractor,motor_power,220,240,french_horserpower,hour_equipment,500,44.85,700,42.45,900,40.25,42.52,,,01/01/19
475,tractor,motor_power,240,260,french_horserpower,hour_equipment,500,48.4,700,45.8,900,43.4,45.87,,,01/01/19
476,tractor,motor_power,270,290,french_horserpower,hour_equipment,500,53.15,700,50.25,900,47.6,50.33,,,01/01/19
477,tractor,motor_power,310,330,french_horserpower,hour_equipment,500,58.9,700,55.6,900,52.75,55.75,,,01/01/19
478,tractor,motor_power,330,370,french_horserpower,hour_equipment,500,72.57,700,68.03,900,64,68.2,,,01/01/19
479,trailed_sprayer,nominal_storable_net_volume,2500,2500,liter,hour_equipment,60,77.5,80,61.5,100,51,63.33,10.00,hectare_per_hour,01/01/19
480,trailed_sprayer,nominal_storable_net_volume,3200,3200,liter,hour_equipment,69,94.9,92,75.4,108,66.95,79.08,13.00,hectare_per_hour,01/01/19
481,trailed_sprayer,nominal_storable_net_volume,4000,4000,liter,hour_equipment,88,104,119,82.4,156,66.4,84.27,16.00,hectare_per_hour,01/01/19
482,trailed_sprayer,nominal_storable_net_volume,5200,5200,liter,hour_equipment,84,146.25,156,92.25,222,72,103.5,22.50,hectare_per_hour,01/01/19
483,transporter_trailer,nominal_storable_net_mass,15,15,ton,hour_equipment,200,17.5,300,12.1,400,9.4,13.0,,,01/01/2019
484,transporter_trailer,nominal_storable_net_mass,24,24,ton,hour_equipment,400,16.7,600,11.6,800,9,12.4,,,01/01/2019
485,unloader,nominal_storable_net_volume,1.5,2,cubic_meter,hour_equipment,150,5.4,200,4.2,250,3.5,4.37,,,01/01/19
486,unloader,nominal_storable_net_volume,3,4,cubic_meter,hour_equipment,150,13.5,200,10.3,250,8.4,10.73,,,01/01/19
487,unloader,nominal_storable_net_volume,5,6,cubic_meter,hour_equipment,200,15.5,250,12.7,300,10.9,13.03,,,01/01/19
488,unloader,nominal_storable_net_volume,8,10,cubic_meter,hour_equipment,250,19.1,325,15.1,400,12.6,15.6,,,01/01/19
489,unroller_straw_blower,,,,,hour_equipment,100,8.5,125,6.9,150,5.8,07.07,,,01/01/19
490,vertical_grinder,application_width,1.8,1.8,meter,hour_equipment,43,8.82,64,6.37,86,5.18,6.79,0.70,hectare_per_hour,01/01/19
491,vertical_grinder,application_width,4.5,5,meter,hour_equipment,57,53.9,79,41.3,100,34.3,43.17,3.50,hectare_per_hour,01/01/19
492,vertical_grinder,application_width,6,6,meter,hour_equipment,79,49.02,92,43.32,105,38.76,43.7,3.80,hectare_per_hour,01/01/19
493,vibro_cultivator,application_width,3,3,meter,hour_equipment,31,8.96,44,6.72,56,5.52,07.07,0.80,hectare_per_hour,01/01/19
494,vibro_cultivator,application_width,4,4,meter,hour_equipment,33,13.2,42,11.28,50,9.84,11.44,2.40,hectare_per_hour,01/01/19
495,vibro_cultivator,application_width,6,6,meter,hour_equipment,32,20.52,39,17.48,47,15.58,17.86,3.80,hectare_per_hour,01/01/19
496,vine_and_arboricultural_tractor,motor_power,56,65,french_horserpower,hour_equipment,300,10.95,500,9.35,700,8.8,9.7,,,01/01/19
497,vine_and_arboricultural_tractor,motor_power,66,75,french_horserpower,hour_equipment,300,11.95,500,10.25,700,9.7,10.63,,,01/01/19
498,vine_and_arboricultural_tractor,motor_power,76,85,french_horserpower,hour_equipment,300,13.2,500,11.3,700,10.65,11.72,,,01/01/19
499,vine_and_arboricultural_tractor,motor_power,86,95,french_horserpower,hour_equipment,300,14.5,500,12.4,700,11.7,12.87,,,01/01/19
500,vine_and_arboricultural_tractor,motor_power,96,105,french_horserpower,hour_equipment,300,16.1,500,13.7,700,12.9,14.23,,,01/01/19
501,vine_compost_spreader,nominal_storable_net_mass,3,3,ton,hour_equipment,10,124.5,20,65.2,40,35.6,75.1,1.00,hectare_per_hour,01/01/19
502,vine_cultivator_lv,,,,,hour_equipment,57,8.64,71,7.17,86,6.19,7.33,0.70,hectare_per_hour,01/01/19
503,vine_cultivator_tv,,,,,hour_equipment,60,2.75,80,2.25,100,1.9,2.3,0.50,hectare_per_hour,01/01/19
504,vine_destructive_roller,application_width,1.4,1.4,meter,hour_equipment,10,30,12,24.2,15,20.2,24.8,2.00,hectare_per_hour,01/01/19
505,vine_direct_sower,application_width,1.4,1.5,meter,hour_equipment,69,18.79,123,11.7,173,9.43,13.31,1.30,hectare_per_hour,01/01/19
506,vine_disc_harrow,,,,,hour_equipment,8,65.4,18,30.2,25,22.4,39.33,2.00,hectare_per_hour,01/01/19
507,vine_disc_stubble_cultivator,,,,,hour_equipment,8,65.4,18,30.2,25,22.4,39.33,2.00,hectare_per_hour,01/01/19
508,vine_lifter,,,,,hour_equipment,150,11,300,6.7,450,5.3,7.67,,,01/01/19
509,vine_planter,,,,,hour_equipment,150,12.2,300,7.3,450,5.7,8.4,,,01/01/19
510,vine_shoot_extractor,,,,,hour_equipment,160,22.27,200,18.35,240,15.75,18.79,0.50,hectare_per_hour,01/01/19
511,vine_shoot_grinder_lv,application_width,1.2,1.5,meter,hour_equipment,30,17.85,45,12.4,60,9.7,13.32,1.00,hectare_per_hour,01/01/19
512,vine_shoot_grinder_tv,application_width,1,1,meter,hour_equipment,21,13.16,36,8.26,50,6.16,9.19,0.70,hectare_per_hour,01/01/19
513,vine_shoot_grinder_tv,application_width,1,1.25,meter,hour_equipment,29,24.92,43,16.87,57,12.88,18.22,0.70,hectare_per_hour,01/01/19
514,vine_shoot_rake,,,,,hour_equipment,14,35.49,29,18.41,43,12.67,22.19,0.70,hectare_per_hour,01/01/19
515,vine_stone_grinder,application_width,0.8,0.8,meter,hour_equipment,10,158.1,25,68,40,45.5,90.53,0.40,hectare_per_hour,01/01/19
516,vine_subsoiler,,,,,hour_equipment,25,10.35,42,07.05,58,5.61,7.67,0.60,hectare_per_hour,01/01/19
517,vine_tipper_trailer,nominal_storable_net_volume,30,30,hectoliter,hour_equipment,20,30.3,40,15.5,60,10.6,18.8,,,01/01/19
518,vine_tipper_trailer,nominal_storable_net_volume,40,40,hectoliter,hour_equipment,20,34.8,50,14.5,80,9.4,19.57,,,01/01/19
519,vine_tipper_trailer,nominal_storable_net_volume,50,50,hectoliter,hour_equipment,50,16.5,75,11.4,100,8.8,12.23,,,01/01/19
520,vine_tipper_trailer,nominal_storable_net_volume,60,60,hectoliter,hour_equipment,75,12.6,100,9.7,125,8,10.1,,,01/01/19
521,vine_tractor,motor_power,46,55,french_horserpower,hour_equipment,300,11,500,9.4,700,8.8,9.73,,,01/01/19
522,vine_tractor,motor_power,56,65,french_horserpower,hour_equipment,300,12.8,500,10.8,700,10.2,11.27,,,01/01/19
523,vine_tractor,motor_power,66,75,french_horserpower,hour_equipment,300,14,500,11.9,700,11.2,12.37,,,01/01/19
524,vine_tractor,motor_power,76,85,french_horserpower,hour_equipment,300,15.2,500,13,700,12.3,13.5,,,01/01/19
525,vine_tractor,motor_power,86,95,french_horserpower,hour_equipment,300,16.1,500,13.8,700,13.1,14.33,,,01/01/19
526,vine_tractor,motor_power,96,105,french_horserpower,hour_equipment,300,17.8,500,15.2,700,14.3,15.77,,,01/01/19
527,vine_trimmer,rows_count,1,1,unity,hour_equipment,12,60.92,25,31.2,38,21.32,37.81,0.80,hectare_per_hour,01/01/19
528,weeder_harrow,application_width,6,6,meter,hour_equipment,27,27.6,33,22.8,40,19.5,23.3,3.00,hectare_per_hour,01/01/19
529,weeder_harrow,application_width,9,9,meter,hour_equipment,23,45.65,27,39.6,32,34.65,39.97,5.50,hectare_per_hour,01/01/19
530,weeder_harrow,application_width,12,12,meter,hour_equipment,19,73.6,25,57.6,31,48,59.73,8.00,hectare_per_hour,01/01/19
531,weeder_harrow,application_width,18,18,meter,hour_equipment,20,113,25,93,30,80,95.33,10.00,hectare_per_hour,01/01/19
532,weeder_harrow,application_width,24,24,meter,hour_equipment,21,158.4,25,134.4,29,117.6,136.8,12.00,hectare_per_hour,01/01/19
533,weeding_boom,rows_count,1,1,unity,hour_equipment,19,16.8,25,12.64,38,8.48,12.64,0.80,hectare_per_hour,01/01/19
534,weeding_boom,rows_count,2,2,unity,hour_equipment,20,25.3,40,12.8,60,8.6,15.57,1.00,hectare_per_hour,01/01/19
535,wrapper,,,,,hour_equipment,100,19,130,16,160,13,16,10.00,unity_per_hour,01/01/19